F1,F2,F3,F4,F5,F6,F7,F8,F9,F10,F11,F12,F13,F14,F15,F16,F17,F18,F19,F20,F21,F22,F23,F24,F25,F26,F27,F28,F29,F30,F31,F32,F33,F34,F35,F36,F37,F38,F39,F40,F41,F42,F43,F44,F45,F46,F47,F48,F49,F50,F51,F52,F53,F54,F55,F56,F57,F58,F59,F60,F61,F62,F63,F64,KELAS
0.03342672034937067,0.027352335246683686,0.03252283308032722,0.02726587679162623,0.027627415181449254,0.027352335246683686,0.027675263740470496,0.02726587679162623,0.024560411373161128,0.02305572167084586,0.02492743622734114,0.022819323517687805,7.199511034756181,12.15927582591152,9.930210400952767,12.42356751304071,11.269021739130421,12.15927582591152,15.794564061669309,12.42356751304071,13.794934184284003,18.314813329054306,19.97404885863036,18.75082905434314,276.2835601955863,599.1457771996658,428.06235278549684,628.279502528504,615.3239262990447,599.1457771996658,969.9030170122275,628.279502528504,815.4652173913047,1196.9386366067583,1385.7579495394466,1226.0995667522448,0.40761939156211635,0.2904742734119497,0.3478892074530579,0.28899259483129086,0.3186504796249097,0.2904742734119497,0.27680915293839453,0.28899259483129086,0.2701680460726174,0.22744573508827845,0.2370372940142232,0.22412592694164793,107.90059288537549,61.37745129911499,82.16880105401845,52.31447617944882,111.48916996047431,71.68727044859725,3767.191527975232,2736.804417930118,5139.064744370324,0.0019716422331761034,6.426960288438252e-07,2.263781859494999e-11,2.3975505554753044e-11,-4.128602852969587e-22,-6.430116275938283e-15,3.7621056506921964e-22,KOMPUTER
0.6436900876905498,0.641857194101834,0.6423118616848792,0.641258562334048,0.6419258923466762,0.641857194101834,0.6394718912966356,0.641258562334048,0.640126791516011,0.6381139137967649,0.6364749072814496,0.6370079392809519,2.733062286550658,4.1984693628050325,3.906678545421987,4.792736401128013,4.346026962082018,4.1984693628050325,6.47623591198968,4.792736401128013,5.568151774785811,6.815661980129966,8.322620989001578,7.6437304613974595,217.60461863717666,367.3217190734674,347.80379713363914,434.3622100510213,365.90027287907765,367.3217190734674,646.1389881097999,434.3622100510213,507.04580987352233,679.6001685843831,866.6921621279199,795.9972175393235,0.8307356391605358,0.7958233578562017,0.8093339981791874,0.797383862086483,0.7898746451247239,0.7958233578562017,0.7681327795729445,0.797383862086483,0.7642361905901606,0.7509498698208935,0.7400430113771147,0.7564733077533632,43.655700312512685,69.20447883115263,40.630021510613254,65.07689296029352,39.47721904298064,63.773857156769246,4789.259890291452,4235.0019973655,4067.104856652008,0.0017562218709774417,1.4832434747815691e-07,1.1853791058689497e-09,1.640477517314924e-11,-2.194639118901188e-22,-5.899389330926656e-15,2.2770693955120514e-21,KOMPUTER
0.2398295296676997,0.2257392340469919,0.23513378732919696,0.2256701470301654,0.22919399517724187,0.2257392340469919,0.22106573160109508,0.2256701470301654,0.2180225523873229,0.20491487514494963,0.20947094342272063,0.20485200761942046,4.251786842913122,6.747546984848734,5.322810377222144,7.214966421952967,7.73619517662798,6.747546984848734,9.681762087434858,7.214966421952967,11.0878916218711,12.156975900642736,13.822672901261422,13.089023257838464,266.58683930151494,535.1683785773329,335.2219540396013,567.0393006939883,805.9555139747617,535.1683785773329,1005.1255736103063,567.0393006939883,1401.8188068994223,1465.7305543867787,1730.9026678265902,1558.3393678452758,0.7172143927811095,0.5972846179216831,0.6503718922185185,0.5947399831516983,0.6850768864833319,0.5972846179216831,0.6036554353157327,0.5947399831516983,0.6465181353912329,0.5539878657259508,0.5866484113760774,0.551217189945647,210.96203282828282,64.00326972151578,206.60608766233767,65.39962681612062,201.1341468253968,66.93993425931025,4096.418535045099,4277.111187687842,4480.954798640778,0.0009054071647547229,1.0170162637798587e-07,1.0659654344821932e-12,3.1266859734096083e-12,5.702003294062766e-24,6.027169504957202e-16,2.6556035830644414e-25,KOMPUTER
0.5359959049722729,0.5343138571187448,0.5351057690218614,0.5346237358746249,0.5347690994538585,0.5343138571187448,0.5332337477300918,0.5346237358746249,0.5337957627477541,0.531948722199781,0.5316074360268809,0.5323329667177523,1.56714311693035,2.979709860053404,2.4432237697172186,2.73484222849829,2.5398790029112015,2.979709860053404,3.734747844007561,2.73484222849829,3.1952084471145064,4.421768267345136,4.40378026126749,4.062874076882134,47.86945535551917,137.8658483815617,98.076912512517,117.40947607275922,104.97794941775815,137.8658483815617,191.9604457083145,117.40947607275922,147.50044056071363,250.2969887950075,226.2823607546674,220.90393559863213,0.7710899663437607,0.7291886401853683,0.7483667388197379,0.7396037229989002,0.729519761206585,0.7291886401853683,0.7092691751477954,0.7396037229989002,0.7124051526732427,0.6962056072468991,0.6926886450812318,0.7043848962543438,13.505258087968011,27.34061402693064,16.165164485641586,32.0490183797851,49.57997591784805,77.67789082188494,747.5091753695966,1027.1395791078035,6033.854722536677,0.0033684782195142985,2.1331801047407777e-06,4.703442611649208e-09,1.597649277877789e-09,3.865305071622987e-18,2.3306286480889678e-12,2.059108670742202e-18,KOMPUTER
0.04614155610127207,0.039155773942428154,0.043446292769542906,0.03903179592286543,0.04030184269566232,0.039155773942428154,0.03806565365138293,0.03903179592286543,0.03684234577059745,0.034415282185090434,0.03506936589715877,0.03424362659158033,3.407076135012128,5.971828470161907,4.8083771691974,6.159567824612011,5.1003033054323765,5.971828470161907,7.204466805354553,6.159567824612011,6.043510501988922,8.567403809754945,8.593004616220114,8.788418138447287,117.67473529337339,249.74836270138138,165.45484680043378,255.67799695851187,263.59558100081756,249.74836270138138,366.3617669138928,255.67799695851187,337.5956005841878,498.35820779954616,473.17634277697243,511.7183839604132,0.5620339275481984,0.4375107123771315,0.48173350822694355,0.4350442205019853,0.48920415534854805,0.4375107123771315,0.4194036230786365,0.4350442205019853,0.4496941370978462,0.3871657584070863,0.3879005537528304,0.38505273014706315,120.28687680635838,68.96725461088135,118.03891347543353,68.3798566226819,137.850409591763,65.774602492605,4756.482208562136,4675.804791738533,4326.298333060199,0.0015196585922839685,9.486671675941234e-08,5.737684124356639e-12,5.241933563120738e-12,-2.5986882015545956e-23,-1.2507837865713761e-15,1.2293155216963016e-23,KOMPUTER
0.3507301182404957,0.3349506386011232,0.35036497255508475,0.33608088975896055,0.33249514103372074,0.3349506386011232,0.3319176668876306,0.33608088975896055,0.31501567393660945,0.3035409450720197,0.31426461777690706,0.3058159942690578,2.656629692832764,4.403775481581788,3.146640687222662,3.421637684192842,4.850128132118451,4.403775481581788,5.5322396901344275,3.421637684192842,6.665045610034209,7.479750058517601,7.361104140526974,5.898618984819681,128.9892633674631,308.9324767449644,188.45875526225953,196.03902489032797,350.73618166286997,308.9324767449644,471.6343814080655,196.03902489032797,547.653158494869,638.599474198024,675.7717662826504,433.2589531916351,0.822190328902657,0.769252727090623,0.827800380737821,0.7807164361047003,0.7678460449761373,0.769252727090623,0.769637838611756,0.7807164361047003,0.7216861260943088,0.6869462517885703,0.7213224502926284,0.7070822032182554,194.51007670454544,89.78393006169678,185.91673721590908,88.86898354512036,175.65956960227274,96.086180129995,8061.15409732366,7897.696236342873,9232.554011973847,0.00107393014878615,1.4170941094622057e-08,1.9018752815560733e-13,6.220523825682218e-12,-4.395295419522248e-24,-6.422501522943523e-16,5.14393044270416e-24,KOMPUTER
0.1275109176131525,0.12462901600399662,0.1272886693808205,0.12465238155265071,0.12521368319590565,0.12462901600399662,0.12462551555744474,0.12465238155265071,0.12387144644545962,0.12187502616150798,0.12264211544350795,0.12190908553757758,2.5442094588227238,4.072600002250764,2.8567239717223663,4.149149023623912,4.519263162857679,4.072600002250764,4.970447041166381,4.149149023623912,6.05669931206629,6.957146261300037,6.630903433476397,7.016460326694813,72.93378406452662,143.96924062972113,88.5293321550985,147.46605392294794,188.33285828175627,143.96924062972113,227.28924421097793,147.46605392294794,287.1131622005302,340.4288561817193,354.8494699570815,342.04641951667725,0.6351356730667496,0.5428789189268326,0.6471800325014647,0.5435301482080666,0.5463177515750114,0.5428789189268326,0.5691175849198062,0.5435301482080666,0.5017417436895508,0.4683839076190736,0.5274879522953979,0.4692583890293515,113.57876123715754,86.02030501079615,144.05573202054794,77.2585712518033,117.2831667380137,76.4969494592614,7399.492874150402,5968.886831869969,5851.7832765727935,0.0012241424783213885,1.7110892599982236e-07,2.988952420921757e-11,4.269699843473928e-11,5.739279616617878e-22,1.4670104723284055e-14,-1.4132053822426116e-21,KOMPUTER
0.39098085007816097,0.37942307699132394,0.38652026986768806,0.38079187130539427,0.3839609310613061,0.37942307699132394,0.37808378973938433,0.38079187130539427,0.37826052860339365,0.3686598957144167,0.3704596503219197,0.37051178118968703,4.081515224166869,8.51544362774631,6.529577690199452,7.346507611358787,6.6809338521400665,8.51544362774631,10.389418436293445,7.346507611358787,8.881483569587637,13.856699902723753,13.53866057530978,11.839311770428006,220.9004235594982,709.711290516929,464.4175885730286,530.962967425794,561.3800393116458,709.711290516929,1061.953527187902,530.962967425794,890.5758295747427,1602.3771279182888,1514.048434373041,1244.5872041180291,0.6774859356897268,0.6001140255298278,0.647043525385282,0.5990608407887329,0.6148663489088406,0.6001140255298278,0.5902703035770145,0.5990608407887329,0.5758857391565786,0.5459503573555982,0.5510293249366383,0.5426917020655162,167.73538192094892,95.72981926828493,169.18375592086932,97.89767652346852,203.71605699956214,71.94119297240279,9164.198297138497,9583.95506869368,5175.535246292496,0.0010881107157987336,9.204652421073103e-08,1.7233587379628795e-11,5.445493410131997e-11,1.6459958154013535e-21,1.62746339893095e-14,2.711686141753751e-22,KOMPUTER
0.45377272851776057,0.4344698012209593,0.453889804817709,0.43483778995807687,0.4291039010110599,0.4344698012209593,0.4291807017075916,0.43483778995807687,0.4067360754567868,0.3990093069073644,0.4068964947542666,0.3993761944971626,2.1122397595906537,3.283945514249588,2.346258494192814,3.349159281781209,3.872757087873368,3.283945514249588,4.327944923293758,3.349159281781209,5.33453908984831,5.838207247298155,5.937157743344821,5.906944648203391,60.34987410997103,119.26505086863602,76.42589138262441,118.3617832685758,153.95685206266603,119.26505086863602,198.70702553260696,118.3617832685758,231.20831727768572,264.1106845757196,294.43910070283044,261.44118973489594,0.8655998011125899,0.8284709153768789,0.8614835869366585,0.8276078417081841,0.811140650306744,0.8284709153768789,0.8047880896192495,0.8276078417081841,0.7632549177392756,0.7483146259070294,0.7553409785804069,0.7473401856573669,209.11807598702,63.56816681959922,235.86772038939966,23.646859918110017,225.70954029204975,35.96833958525018,4040.911832804395,559.1739839867181,1293.721452519875,0.0007550239129595745,2.703520061331187e-11,6.749742703900581e-15,1.0338281844490966e-14,-2.228398952976166e-29,-2.4129798034425818e-20,8.343617053067362e-29,BAJU
0.8400383690022657,0.8333249604833176,0.8397606176409352,0.8332554624029225,0.8317236464819837,0.8333249604833176,0.8316925621728147,0.8332554624029225,0.824482272473597,0.8204499720731755,0.8245532916163554,0.8204256534032492,3.554459945347337,5.918456197813354,4.453641279337321,5.911501822207868,6.528587081891581,5.918456197813354,7.968471429395147,5.911501822207868,8.732470010117062,10.355844110693916,10.229222055253736,10.354685254716548,403.21300158205105,860.4664679153019,561.5153877128395,861.5055761867422,1087.3309630911183,860.4664679153019,1426.4024332583754,861.5055761867422,1636.6467928891452,1990.7638077689708,1974.8873540631146,1989.363874982618,0.8874770052985747,0.8754340864551867,0.8838849726177568,0.8762694456400864,0.8755760491594518,0.8754340864551867,0.8739652072697482,0.8762694456400864,0.8686639910033205,0.8638191351037796,0.8660437276075967,0.8636793349669843,246.3865193687231,38.775506959121195,246.3865193687231,38.775506959121195,246.3865193687231,38.775506959121195,1503.539939936856,1503.539939936856,1503.539939936856,0.0006798952600621832,4.792168898551266e-10,1.7541726842015388e-15,1.979230764888106e-15,1.3822764195694741e-30,3.664564230101198e-20,3.4190676873070266e-30,BAJU
0.6314009131980045,0.6301887862550792,0.6325794512423031,0.6301434021894717,0.6296244692096695,0.6301887862550792,0.6309746905513471,0.6301434021894717,0.6279699773260867,0.6278396623855605,0.6297700618931574,0.6277786953937968,1.154184231427175,1.5091965917810217,0.6476623594819159,1.506570768703019,2.171083812377687,1.5091965917810217,1.2184117386252435,1.506570768703019,3.169210256488735,2.86090931024314,1.7734336740940257,2.8570930717942984,93.60360153958938,136.85364858498917,48.61680374816721,136.2913039199105,275.8706522902394,136.85364858498917,147.88440251956928,136.2913039199105,459.8779249051175,390.01372926727436,253.13409035259536,388.6526054970676,0.9488172983836864,0.9438071743336387,0.9597865144599377,0.9436894691560316,0.9428220858973482,0.9438071743336387,0.9526604726845967,0.9436894691560316,0.9373999299688536,0.9377151236626546,0.9484269284300182,0.9376750788367463,217.10109519958496,73.13184774110536,208.4084348678589,74.13269752146645,214.77744483947754,73.41724486650635,5348.267154028216,5495.656841809239,5390.091843788554,0.0008708823929742768,7.874594569634818e-10,5.724805683544995e-14,1.862245942900722e-13,1.6217906371406996e-26,3.2026934799004343e-18,-1.0329500963679857e-26,BAJU
0.6584803138143888,0.6571838243277223,0.6605599951065656,0.6571823298188576,0.6582257752568086,0.6571838243277223,0.6600512828376867,0.6571823298188576,0.6561215855159436,0.6565728417150214,0.6587390689477792,0.6565745815385765,1.421580580531668,1.7717369842179083,0.7913335613760755,1.7783904425919168,2.6032766040688675,1.7717369842179083,1.4574285993740275,1.7783904425919168,3.790272611589662,3.2325462075181064,2.0896975332811274,3.2478638130294546,180.35977081704482,241.7507801797365,95.13269888584836,242.96662939735631,444.60508240414845,241.7507801797365,233.44461438771603,242.96662939735631,691.9337999216914,561.4595391860817,359.1269589369616,564.5892508590056,0.9650165347623281,0.9606110029306762,0.978729694740152,0.9606255288499508,0.9620035575933413,0.9606110029306762,0.9760726179017107,0.9606255288499508,0.9560989637897918,0.9566602201611127,0.9725140680020478,0.9566387768232516,60.224096069335936,104.26602226279381,65.29376647949219,101.9097431743788,82.21257019042969,116.02511788844836,10871.403398505414,10385.595753867847,13461.827981028342,0.0018326927870852597,9.63990243070377e-09,2.2067967277881955e-10,1.55236332598725e-10,2.840821531438656e-20,1.3509251780763038e-14,-4.303665720363095e-21,BAJU
0.46268636196307167,0.4524911107735915,0.46479152405896274,0.45257944836194336,0.4538006991836318,0.4524911107735915,0.457731849114,0.45257944836194336,0.45093660276754954,0.44175099503720516,0.4513311019952125,0.4416814101782668,1.7582563959955493,2.5314035924070466,1.6472932330827081,2.5299204630040064,3.303616369710467,2.5314035924070466,3.07003350083752,2.5299204630040064,4.782934782608696,4.693559669169897,4.4358130422614055,4.691920068046237,113.18031423804217,196.84457249910093,109.51138123085495,196.77823870019864,337.7841898663698,196.84457249910093,325.51663874930205,196.77823870019864,579.2539659977705,516.5252179606279,548.1179009235938,516.0735666080965,0.8799880809068984,0.8407966886203383,0.8932300593961446,0.8412222340724556,0.8525291166278788,0.8407966886203383,0.8674113188366421,0.8412222340724556,0.8436763745267881,0.8038205551350197,0.8427061810994974,0.8038075840207244,197.485025,76.60596668213863,197.49195,76.63025556874277,213.40621666666667,38.06110276352063,5868.474131304933,5872.196068530831,1448.6475435752775,0.0011047436175011629,5.278336523383521e-07,7.100783634618997e-13,1.414139514425293e-13,-1.7937578577089688e-26,-4.690136006092636e-17,4.1064981628466985e-26,BAJU
0.6154681875463982,0.6135471601504573,0.6186821710167976,0.6135203531508953,0.6102604627162952,0.6135471601504573,0.6150843218902812,0.6135203531508953,0.607029009316601,0.6081582174092091,0.6130072660036554,0.6080482768082226,5.000166559897504,6.053638445697578,4.080812154147984,6.309635161056476,8.105020866773671,6.053638445697578,6.417924655295089,6.309635161056476,9.415353925353921,8.711821898844214,7.23467786197799,9.020395351083357,288.4088468930174,387.5790462993259,181.7673890153079,426.5092284301086,716.6608603531304,387.5790462993259,443.45571239014663,426.5092284301086,952.1501608751603,800.7716718714786,570.5881229558446,867.3402755867485,0.6923074560791581,0.6778478708418583,0.7001182860754742,0.6780202329135449,0.6680069365143608,0.6778478708418583,0.6777496358337283,0.6780202329135449,0.6604502274847452,0.6624642396075949,0.6727501519412897,0.6617293004005416,200.99607222754875,85.27224534803037,199.20541067433686,93.29007502024321,205.896589964845,89.38093763940806,7271.355826694686,8703.038097282606,7988.952013299751,0.0010537275856992996,1.6822247156105437e-07,1.205322019748489e-12,5.527623439029547e-12,9.710666860608253e-24,1.812869207553035e-15,1.0453474778306555e-23,BAJU
0.026994232940529442,0.023976588170287298,0.029438978186595417,0.023450855340773534,0.021542079599156844,0.023976588170287298,0.023358871749994486,0.023450855340773534,0.019290723728074066,0.01977283359974386,0.020920729742427185,0.01921073745126867,4.458237647877519,5.662558130412612,3.9408446416144707,5.998104087761124,7.11693688981869,5.662558130412612,6.252318688981864,5.998104087761124,9.239116002795262,8.559413350606603,7.852109538784074,9.258525761103606,148.45096555323582,202.6043950296591,101.62475208768267,212.02610257103143,321.4331066945603,202.6043950296591,220.5007147838214,212.02610257103143,499.5805730258562,416.2124656431079,323.20721086652713,444.5276124367562,0.4080562009145555,0.3403124962920196,0.43985382759707725,0.32690343627344826,0.28696839322885687,0.3403124962920196,0.32314899806007336,0.32690343627344826,0.2387486656796115,0.24634533603640457,0.27170530308588875,0.23215927374896164,87.29645399305555,61.22770974445177,96.6005078125,70.39017618523171,146.97612847222223,63.657509591346596,3748.8324405508347,4954.776903387961,4052.278527372384,0.001706612938109329,4.128085273211932e-08,9.976385267422886e-12,2.4185759795541733e-11,1.971391761465813e-22,4.853498615125988e-15,-3.1980758961122002e-22,BAJU
0.1744550396660719,0.17251024017668914,0.18155254231681175,0.17230228564311445,0.16814748718321373,0.17251024017668914,0.17739517272011915,0.17230228564311445,0.16507848808124828,0.16654654908656213,0.1753549670296646,0.166380012923991,4.057661290322579,5.407058840498185,3.739909463598221,5.779419648115696,7.105490384615384,5.407058840498185,6.493932342250519,5.779419648115696,9.347269838212636,8.986052568121544,8.468665427473493,9.568459127079818,130.36245199692772,203.1662880508859,103.36149994719509,229.63442542951856,393.3213076923078,203.1662880508859,311.82098967248106,229.63442542951856,635.870666409861,558.0264094526163,511.37029403550014,613.3133783457922,0.4973050185769949,0.43665171289401306,0.53186667033664,0.43299295042795116,0.4050098381848931,0.43665171289401306,0.4485326248868004,0.43299295042795116,0.36858416011290007,0.3676983719210005,0.41391922173718376,0.3638070029281423,210.73715490797545,69.84765447717054,206.06044622315952,69.44739187072453,200.74577981211655,69.52101797203716,4878.694835962201,4822.940237645975,4833.1719398683135,0.0008958520550359347,2.599245218154223e-09,1.441097209594542e-14,1.102845429705387e-13,-4.395221088855385e-27,-2.143234625989052e-18,-1.1077202062600692e-28,BAJU
0.12007897747387088,0.11096046081692938,0.11805181646652826,0.11029005038995521,0.10818628164093752,0.11096046081692938,0.10666756580796093,0.11029005038995521,0.10292332668267148,0.10170529333863654,0.10120895640787701,0.10061157786154161,2.763500995709955,3.8400685605468627,3.3864596587622895,4.228909456088255,4.5733841156853785,3.8400685605468627,5.118981112960422,4.228909456088255,5.890198037363224,5.60464322418019,6.63396349413298,6.18658345497161,99.18442861428252,272.9320725312124,221.47070633314053,292.6190765597597,252.4137452346333,272.9320725312124,351.88930892249806,292.6190765597597,392.1789626476416,427.6547978147145,537.1520208604952,471.004134735109,0.672844393860393,0.6308485427064933,0.6641990421136047,0.6193214783543453,0.595700547764024,0.6308485427064933,0.5898319335296536,0.6193214783543453,0.558122987527813,0.5660348278077534,0.5520178112103569,0.5538307938654317,218.0517089201878,68.60627364719265,197.43832358252075,72.43707560049762,190.3424297580354,87.27720935880492,4706.820783753481,5247.1299215522085,7617.311273460667,0.0009603996327072436,4.167364434416487e-08,4.7071547868604926e-12,7.267788276252964e-12,4.2496852035726907e-23,1.230533907845985e-15,-1.023340549466023e-24,HP
0.46915214383702764,0.4483387557638662,0.4692709022705358,0.4484132972024169,0.44600908700791203,0.4483387557638662,0.44646072503623224,0.4484132972024169,0.4245977453041452,0.412733983478493,0.42529845856592835,0.4128016110860541,2.0893458634876017,3.1437292473437424,1.3621764630881033,3.0974060476092466,3.7170421699431495,3.1437292473437424,2.5044496935648635,3.0974060476092466,4.824311936861406,5.574892503391259,3.4652250351617413,5.497936449028689,106.17615191696697,165.27765677878875,62.13503123804663,157.30750390520907,258.6245094848875,165.27765677878875,151.66600804392237,157.30750390520907,392.74538230343444,385.60248010033024,230.37772663342295,370.8343784392515,0.8772164038854715,0.8203679291191659,0.879989939896482,0.8205687037681599,0.8355549972040983,0.8203679291191659,0.8128185601286018,0.8205687037681599,0.800663479280327,0.7308605604986655,0.7520262743790065,0.7308554047362767,217.4751925770308,56.12549156679092,204.79510281385282,73.31090917466538,197.96890119684238,85.40088398472652,3150.070803613919,5374.489404016037,7293.310985372717,0.0009298216096444982,6.698192014535595e-08,7.11177020949623e-13,1.211911624699853e-12,-1.1249417523149491e-24,-3.135902071476102e-16,1.9501656960640076e-26,HP
0.5965655595288998,0.5953795390087041,0.6011375872728745,0.5954353938459355,0.5920538229698309,0.5953795390087041,0.5997472818831618,0.5954353938459355,0.5888541871731567,0.5909570412831414,0.5989990248634962,0.5910183743082748,2.2905647240139735,3.4075317220069943,1.8525759473849057,3.42061263861223,4.113111889481806,3.4075317220069943,3.4315516835413242,3.42061263861223,5.289422771278668,6.065811541823163,4.6760346184107044,6.083339238891645,82.47485008625176,129.38202079771628,49.517992483557805,129.57436046238055,255.37006041514834,129.38202079771628,168.7448002511578,129.57436046238055,403.60976528622047,400.82652619311955,309.0396144767904,401.47646044457053,0.7965971596496559,0.753825181131028,0.8068978331886183,0.7530686255018695,0.7605743332451167,0.753825181131028,0.7729019425460657,0.7530686255018695,0.7428685849297183,0.7209844451103613,0.7571974162430867,0.7217351013248278,226.05521362180738,51.35240330421148,219.36439896899165,59.183393344139205,213.2004881668359,68.84810060247626,2637.06932511839,3502.674047727101,4740.060956568692,0.0009098974629933371,1.6741542243002004e-07,7.857940391529907e-14,4.534871960133496e-14,-1.7429481555240294e-27,-1.2884901513519327e-17,2.0713380919991477e-27,HP
0.44844538188555255,0.4438444440089073,0.44696731150521574,0.44398846284672916,0.44482818805652463,0.4438444440089073,0.4420630975531995,0.44398846284672916,0.44166210672548617,0.43672613813196165,0.43782428808396096,0.4373137235453909,3.7336586305114037,5.712450713768156,5.29095864661654,5.230551347078583,6.173129822680532,5.712450713768156,8.106172316384171,5.230551347078583,7.771879068081286,8.20054373221188,9.962391509433962,8.006475699606824,166.38455668084163,409.53070097019753,318.0806390977446,321.3411313013446,441.7024362030781,409.53070097019753,695.9282485875705,321.3411313013446,659.3083820424155,733.4350093689961,951.2485377358498,669.5348871236479,0.7735670966543873,0.7489800458645004,0.7563695831325975,0.7478103749205184,0.7471003084074129,0.7489800458645004,0.7338609509347411,0.7478103749205184,0.7337977588510695,0.7251090227352068,0.7186295082717633,0.7236588711642487,208.34874061913695,77.00273752205506,205.75164399624765,77.80141471816037,203.67369371482175,78.68608341132189,5929.421585890506,6053.060132147182,6191.499722613506,0.0009956457597242688,1.4471452506679875e-07,1.0830611988375622e-12,2.6398601921296113e-12,3.750063273296408e-24,2.568936513051013e-16,-2.4211378292763856e-24,HP
0.4806800082728764,0.46039598940256676,0.48031686133101803,0.46130480200984425,0.4574814912624492,0.46039598940256676,0.45709179840471226,0.46130480200984425,0.43526892207526585,0.4204749271194061,0.4349148057545928,0.42206540241250096,1.4070286548511537,2.4203346135169723,1.2527901234567902,2.416132079636251,2.8014715227860028,2.4203346135169723,2.4965769393810926,2.416132079636251,4.184852919344233,4.712973520392627,3.7411979056109788,4.706592636133794,96.5541430697293,155.30390147000398,64.85402821869488,154.94083785812023,257.7476627925036,155.30390147000398,175.86381941500645,154.94083785812023,427.6019773352277,403.92099672103274,293.37969645510515,403.2028958308252,0.92159622205729,0.8655743506722005,0.9218086614328649,0.866061280541159,0.8810744657502291,0.8655743506722005,0.8805986848846764,0.866061280541159,0.8409641779292483,0.7972802753530267,0.8407465355256918,0.7982054583832064,206.96503592561285,87.6663109301602,198.38071639898564,89.0906061406123,190.0352599323753,100.6031768908127,7685.382072103525,7937.136102501706,10120.999200524151,0.0010099465851473156,7.450848602730624e-08,1.8289234883228075e-12,1.7430264719691974e-12,-3.0877962365573854e-24,-4.7032339498663e-16,-3.8818772925541987e-25,HP
0.05442952925550415,0.04489406993420417,0.05266694580877312,0.045052489861867884,0.0436963664630964,0.04489406993420417,0.04149909604107309,0.045052489861867884,0.03955469439942103,0.03756376584350205,0.03768073828235314,0.037772832809057154,1.8830726451164368,2.5125717708380173,1.3590287436254085,2.504013655856745,2.759065472048247,2.5125717708380173,2.1497809308263682,2.504013655856745,3.2197187391152955,3.5194753461540738,2.660245234774522,3.501022034065861,95.91110242150381,125.6934321072166,43.19496117292539,125.25139045801376,151.67940877986533,125.6934321072166,84.24288678040854,125.25139045801376,175.61957651224915,185.11947767226286,109.96994711761975,185.1448395275674,0.6804875357096059,0.5612654752451366,0.6548790449691045,0.5639360349361584,0.559548321784486,0.5612654752451366,0.5139797169375147,0.5639360349361584,0.5001848822179873,0.4479991760893697,0.4513437714703673,0.4526766957235608,113.92280381944444,43.64799976336029,74.37371238425926,33.830614207964224,97.69564814814815,40.674131723714176,1905.1478833423,1144.5104576881108,1654.3849914780517,0.0019106812558795404,3.1786871203156057e-07,6.090532250245222e-12,5.904625986976236e-11,1.0847237579856011e-21,-3.259895036770543e-14,-2.7782437931576934e-22,HP
0.7378677630209779,0.7369517431603347,0.7384369263938572,0.7362820151358428,0.7354975225035755,0.7369517431603347,0.7365505323280687,0.7362820151358428,0.7331986735751342,0.7337640720900394,0.7347133703827415,0.732402002871247,1.645726213892886,2.24606154121691,1.0197972570065592,2.436841150551189,3.129831088451778,2.24606154121691,1.947636538947176,2.436841150551189,4.342709991895198,4.221847911877527,2.7670580935747777,4.610517813874181,75.85713024080006,111.62087469260392,40.980679785330935,120.20536011554188,251.49600514428107,111.62087469260392,136.1087720103767,120.20536011554188,437.23082352805915,363.24743601248997,241.60897830682975,391.89837244032685,0.8701894509769817,0.8507722307590463,0.8923691895260601,0.829561721257731,0.8310961762911897,0.8507722307590463,0.8543723266821953,0.829561721257731,0.8100672784305616,0.8146695863460474,0.8323353575022897,0.7905836356061556,215.08959330965746,63.441852444698334,219.98618742123955,56.722298024749875,228.44873181349524,46.80848091416953,4024.8686416148757,3217.4190932085435,2191.0338854921733,0.0007766950094140472,1.1803163453999618e-08,3.970831924220331e-15,9.687217098508017e-13,-4.502870873917945e-26,9.613705604336037e-17,-3.9776597061896966e-26,HP
0.18373008373614286,0.1788275230815741,0.19185607415136868,0.17882470389277777,0.17407341933424628,0.1788275230815741,0.18855376112867492,0.17882470389277777,0.16587551011232857,0.16831702912650845,0.18695715124012574,0.16824967706888228,11.495515873015862,15.805066167091844,9.77454365079364,15.778320312500018,14.450363726955665,15.805066167091844,13.278565022421533,15.778320312500018,16.541881881881892,20.721289388485577,15.953813813813818,20.68939652918819,1011.22734126984,1406.2484654017858,649.8982341269834,1406.46458466199,1324.0702541106132,1406.2484654017858,1099.6751370204288,1406.46458466199,1580.2630830830844,2021.2341088700744,1554.3716316316327,2007.6670554404875,0.5301942705465845,0.4113264867225633,0.48467573552704124,0.41123806747399305,0.4828166188492826,0.4113264867225633,0.40027176428581723,0.41123806747399305,0.44856988457325425,0.33871529131026945,0.353999140516519,0.33662182660509093,161.87774814814816,83.10404323877911,150.70556049382716,85.10768511639259,118.02212345679013,99.40769925436604,6906.282002632867,7243.318065871033,9881.890671046485,0.0013026607868314587,3.978263700316071e-08,1.6502614208118708e-11,4.371267210496101e-11,1.1030692454184016e-21,8.7091477218089e-15,-4.020408013603964e-22,HP
0.04349979078686949,0.03179441956368594,0.037643038710793046,0.032458713039363936,0.03376101244179624,0.03179441956368594,0.029166275329274034,0.032458713039363936,0.028950418208556945,0.024563941731859096,0.024972306003567552,0.025207691322727342,2.3962150010218677,5.345588731910087,4.3367995095033685,5.357004999989767,4.273422022103968,5.345588731910087,7.654179287760936,5.357004999989767,5.620506251281003,9.216391901544302,10.119493748719005,9.095147002077141,72.2687798896382,229.83771216186648,159.7572859186591,221.58176508030087,188.75078591895195,229.83771216186648,435.4838108882517,221.58176508030087,277.870237753638,597.2126398798027,671.460584136094,570.6335333864239,0.6162953417457108,0.44505781772505526,0.5200961629552187,0.45122153742955423,0.48837032354520366,0.44505781772505526,0.4043149802588728,0.45122153742955423,0.411509840898872,0.32865044529927356,0.3400101668406362,0.3381031627211801,111.61293265306122,60.478199456342765,109.65858775510205,55.446717399067865,114.12967959183673,58.19060813430459,3657.6126094811784,3074.3384703320953,3386.1468750401955,0.0014553567707004588,7.842276321174188e-09,2.942918169422384e-12,9.444537694032311e-12,6.4381605260445654e-24,4.557832263511345e-16,4.937408185140094e-23,SEPATU
0.47285508902946366,0.46745449288287205,0.4698279581736656,0.4674764538760705,0.46955172641584836,0.46745449288287205,0.46561286316349654,0.4674764538760705,0.4668573172950908,0.461776434609732,0.46101166110511604,0.4619432076872384,6.438843084092063,10.270958583834336,9.32801388888889,10.44050601202405,9.675838301302088,10.270958583834336,14.02396515679443,10.44050601202405,11.50787075393539,14.848809873640914,17.548776223776215,15.154044750430309,262.71797574387534,595.2829965486522,487.47888888888906,595.2455744822976,566.1726768666359,595.2829965486522,1082.2191846689896,595.2455744822976,756.7429908168732,1186.853287715321,1544.1871538461537,1205.1946951569341,0.6089898735195841,0.5468036731500788,0.5520184434900399,0.5436672644124554,0.5748287951075586,0.5468036731500788,0.5323118024319152,0.5436672644124554,0.5608319338930636,0.5295199762042578,0.512860665965306,0.526809670768557,176.75951557093427,86.67998596300842,175.02090657439447,86.55366100977717,174.5858339100346,86.35579320510664,7513.419966547336,7491.536234195422,7457.32302008314,0.0012531098788827395,3.9325472711048894e-07,6.9405904354388e-12,2.9641407156346304e-11,2.2134235770437237e-22,1.2872124918697189e-14,-3.6299259146065254e-22,SEPATU
0.47285508902946366,0.46745449288287205,0.4698279581736656,0.4674764538760705,0.46955172641584836,0.46745449288287205,0.46561286316349654,0.4674764538760705,0.4668573172950908,0.461776434609732,0.46101166110511604,0.4619432076872384,6.438843084092063,10.270958583834336,9.32801388888889,10.44050601202405,9.675838301302088,10.270958583834336,14.02396515679443,10.44050601202405,11.50787075393539,14.848809873640914,17.548776223776215,15.154044750430309,262.71797574387534,595.2829965486522,487.47888888888906,595.2455744822976,566.1726768666359,595.2829965486522,1082.2191846689896,595.2455744822976,756.7429908168732,1186.853287715321,1544.1871538461537,1205.1946951569341,0.6089898735195841,0.5468036731500788,0.5520184434900399,0.5436672644124554,0.5748287951075586,0.5468036731500788,0.5323118024319152,0.5436672644124554,0.5608319338930636,0.5295199762042578,0.512860665965306,0.526809670768557,176.75951557093427,86.67998596300842,175.02090657439447,86.55366100977717,174.5858339100346,86.35579320510664,7513.419966547336,7491.536234195422,7457.32302008314,0.0012531098788827395,3.9325472711048894e-07,6.9405904354388e-12,2.9641407156346304e-11,2.2134235770437237e-22,1.2872124918697189e-14,-3.6299259146065254e-22,SEPATU
0.05220594609252266,0.041066058243039306,0.0486781496832161,0.04111668489415581,0.04143483169480991,0.041066058243039306,0.038583278740558405,0.04111668489415581,0.03768242521326376,0.033408215681540836,0.034800169030268564,0.03339625913223046,7.082877589607009,10.358109863905717,7.975084407924182,9.971349376595455,11.135980727702401,10.358109863905717,11.780564391158961,9.971349376595455,13.755088292334401,15.080518190938312,14.889415804750412,14.079310238928802,290.3189155671216,631.8186037980039,441.4780030915673,572.7710293945306,659.575637656359,631.8186037980039,819.3881514558358,572.7710293945306,951.0404409513135,1173.6699578240502,1179.1540309063391,989.8183926048775,0.48853735517928837,0.37178435925427217,0.4472591598427849,0.37058990052765967,0.38282596503777344,0.37178435925427217,0.33902377209132134,0.37058990052765967,0.33590162088879716,0.2772224991731119,0.28964291580361884,0.27586665765969753,110.73387031326084,60.02377713842016,109.32163001136179,60.04362067116818,109.31365139587729,60.56886680873638,3602.8538219627303,3605.2363833031345,3668.5876264944472,0.0015165510302170043,1.5199202747978288e-07,2.486075690526317e-11,3.8707345964005385e-11,-1.0633967400081139e-21,9.487952655306573e-17,5.576311888566212e-22,SEPATU
0.7331113112372768,0.7322040810780919,0.7325872594803833,0.7321098852674703,0.7321819416294556,0.7322040810780919,0.7315820265505879,0.7321098852674703,0.7312907047250592,0.7305402021961205,0.7305233198685994,0.7303464949742606,1.467540317763708,2.342363563100609,2.1211791201259085,2.507165156712768,2.451351674641149,2.342363563100609,3.5642733865917036,2.507165156712768,3.159334051982272,3.8220328827533354,4.694822673145804,4.053559102674722,67.52185879823202,153.72277509478818,117.42105564829878,168.78699426907036,190.33273684210513,153.72277509478818,321.12379224454884,168.78699426907036,300.8634040004793,374.731674815454,499.95223910593677,402.97072907679,0.8428534318513539,0.8216159154870813,0.8243218013283397,0.8194424419519466,0.8253221343965108,0.8216159154870813,0.8071901952434679,0.8194424419519466,0.819099049829747,0.8057368376388424,0.7963992552952415,0.8037807445527302,235.6114865187306,57.36273002777428,235.7590813648294,56.43528675179354,237.33289429730374,53.99536862345394,3290.4827962393174,3184.9415907571633,2915.4998327826747,0.0007855174927851467,8.123141388176843e-08,1.1949434502458664e-12,1.6755977876094914e-12,2.2929203371719363e-24,4.551802824530631e-16,-6.033856354830096e-25,SEPATU
0.0329965113799438,0.0212524347652591,0.023485642308978545,0.022671806128811086,0.026106994127096925,0.0212524347652591,0.01763998870903404,0.022671806128811086,0.022556974119233787,0.01603249036643164,0.015067372146410272,0.01736441812913994,2.5883112935096526,6.848760996428874,5.600270575706868,5.88413465725982,4.553240325256323,6.848760996428874,10.214476802789656,5.88413465725982,6.242602099205433,12.20614795569534,13.896797036357084,10.430559277998087,41.59761579050224,208.91746145806096,150.51931519353224,159.77324492639994,118.55021620298622,208.91746145806096,468.9144195929931,159.77324492639994,204.8607341769398,605.5913195678937,791.629850615787,470.94845343908156,0.46933177265774706,0.2686604041952334,0.32393255769703433,0.29838500979511223,0.34365147903350235,0.2686604041952334,0.21277575146682176,0.29838500979511223,0.2784836563773443,0.17129050565348772,0.165100601151048,0.1997742758109696,149.58483819059538,58.04526601802715,158.33504001213637,61.42810221655091,180.1171756903922,48.6165792139432,3369.2529071035374,3773.411741927027,2363.571774465614,0.0010177099558224799,1.5068769981571973e-07,1.324217643433207e-11,1.2291445026424789e-12,-4.919792558907057e-24,-6.73421683514805e-17,-6.214408548391616e-25,SEPATU
0.03347197335379418,0.028160968797681474,0.032590327282632905,0.028366013223132713,0.027973353365810125,0.028160968797681474,0.027373276552591336,0.028366013223132713,0.026192673805219297,0.024448256383319787,0.02571490283139374,0.024543041797290045,6.408469898810947,8.467073174200042,6.696135718341854,7.566290211112784,8.929143061907027,8.467073174200042,9.51045790671218,7.566290211112784,9.844087216125974,11.177109135114772,10.826891737891726,9.705970984053787,182.3804981090934,328.20286223774434,194.37664111300407,225.87041434759234,368.03097342615956,328.20286223774434,420.7893486916955,225.87041434759234,465.36042172312824,611.3392365906836,584.7266182336183,396.8642288858194,0.357754549170433,0.28098777863289426,0.34506094879401183,0.2854334480376959,0.2772227014310513,0.28098777863289426,0.26733128101000775,0.2854334480376959,0.25247309151550396,0.2237615064386055,0.24396942552710438,0.2286787589996616,153.85210034013605,44.95406945929794,153.92383786848072,50.02742857433871,154.85696995464852,53.76132711847721,2020.8683609513837,2502.743609760561,2890.280293539913,0.0011206770354346117,5.335661971006684e-09,1.0608756882031214e-12,8.271783715178349e-12,-2.421210882807241e-23,1.1935300009763249e-17,3.768722179987771e-24,SEPATU
0.044154701581662514,0.03733885032355664,0.045167454838923746,0.037026931958955525,0.034352467760334834,0.03733885032355664,0.03526223595738495,0.037026931958955525,0.02984787809288921,0.029689784538073322,0.03058522014118052,0.02934373638498442,6.405064720701938,8.252207207256188,6.223018080667595,8.091548399795132,10.068332681272825,8.252207207256188,9.82871583391365,8.091548399795132,11.279167754285208,11.07331485041478,11.067053478033479,10.669912075361497,259.10135522543635,392.21763134228877,238.12919636648112,394.13924517263456,611.0265290818986,392.21763134228877,563.4408088875348,394.13924517263456,710.0140085269293,650.864643135819,653.13961275279,627.7791095069334,0.49689173059787173,0.4141619346022972,0.4915557553830113,0.41557436135630643,0.3880820120795424,0.4141619346022972,0.38140151441660913,0.41557436135630643,0.33105828291938577,0.3186188605790715,0.32346605398003486,0.3190704164502767,179.4604904513889,58.84786440610026,170.772109375,57.23121490141723,175.7824761284722,57.43321259945144,3463.0711451587613,3275.411959092202,3298.5739094937876,0.0012165496409344723,4.4983915355983145e-07,2.093807938076998e-12,3.1825493284975143e-12,-4.6035441388155055e-24,-1.336119980307902e-15,-6.804478792673681e-24,SEPATU
